date,date_gap,disp,flags,lat,lon,mask,size,vel_angle
2016001,0,0,6,-64.7,96.733,1,2223.27,0
2016002,1,0,7,-64.7,96.733,1,2217.5,0
2016003,1,0,7,-64.7,96.733,1,2211.73,0
2016004,1,0,7,-64.7,96.733,1,2205.96,0
2016005,1,0,7,-64.7,96.733,1,2200.19,0
2016006,1,0,7,-64.7,96.733,1,2194.41,0
2016007,1,0,7,-64.7,96.733,1,2188.64,0
2016008,1,0,6,-64.7,96.733,1,2182.87,0
2016009,1,0,7,-64.7,96.733,1,2177.1,0
2016010,1,0,7,-64.7,96.733,1,2171.33,0
2016011,1,0,7,-64.7,96.733,1,2165.56,0
2016012,1,0,7,-64.7,96.733,1,2159.79,0
2016013,1,0,7,-64.7,96.733,1,2154.02,0
2016014,1,0,7,-64.7,96.733,1,2148.28,0
2016015,1,0,6,-64.7,96.733,1,2141.17,0
2016016,1,0.007,5,-64.7,96.733,0,2131.56,0
2016017,1,0,5,-64.7,96.733,0,2103.34,0
2016018,1,0,5,-64.7,96.733,0,2090.5,0
2016019,1,0,5,-64.7,96.733,0,2076.83,0
2016020,1,0,5,-64.7,96.733,0,2060.89,0
2016021,1,0,5,-64.7,96.733,0,2044.13,0
2016022,1,0,5,-64.7,96.733,0,2025.1,0
2016023,1,0,5,-64.7,96.733,0,2003.64,0
2016024,1,0,5,-64.7,96.733,0,1981.52,0
2016025,1,0,5,-64.7,96.733,0,1957.06,0
2016026,1,0,5,-64.7,96.733,0,1930.05,0
2016027,1,0,5,-64.7,96.733,0,1902.21,0
2016028,1,0,5,-64.7,96.733,0,1874.65,0
2016029,1,0.007,6,-64.7,96.733,0,1855.9,0
2016030,1,0.007,5,-64.7,96.733,0,1837.23,0
2016031,1,0,5,-64.7,96.733,0,1827.52,0
2016032,1,0,5,-64.7,96.733,0,1818.46,0
2016033,1,0,5,-64.7,96.733,0,1818.35,0
2016034,1,0,5,-64.7,96.733,0,1839,0
2016035,1,0,5,-64.7,96.733,0,1878.48,0
2016036,1,0,5,-64.7,96.733,0,1918.99,0
2016037,1,0,5,-64.7,96.733,0,1961.7,0
2016038,1,0,5,-64.7,96.733,0,2004.97,0
2016039,1,0,5,-64.7,96.733,0,2049.08,0
2016040,1,0,5,-64.7,96.733,0,2094.65,0
2016041,1,0,5,-64.7,96.733,0,2142.79,0
2016042,1,0,5,-64.7,96.733,0,2209.71,0
2016043,1,0,5,-64.7,96.733,0,2261.64,0
2016044,1,0,5,-64.7,96.733,0,2314.88,0
2016045,1,0,5,-64.7,96.733,0,2370.38,0
2016046,1,0,5,-64.7,96.733,0,0,0
2016047,1,0,5,-64.7,96.733,0,0,0
2016048,1,0,5,-64.7,96.733,0,0,0
2016049,1,0,5,-64.7,96.733,0,0,0
2016050,1,0,5,-64.7,96.733,0,2427.19,0
2016051,1,0,5,-64.7,96.733,0,2486.26,0
2016052,1,0,5,-64.7,96.733,0,2546.63,0
2016053,1,0,5,-64.7,96.733,0,2609.28,0
2016054,1,0,5,-64.7,96.733,0,2673.22,0
2016055,1,0,5,-64.7,96.733,0,2739.14,0
2016056,1,0,5,-64.7,96.733,0,2806.36,0
2016057,1,0,5,-64.7,96.733,0,2875.41,0
2016058,1,0,5,-64.7,96.733,0,2936.27,0
2016059,1,0,5,-64.7,96.733,0,2997.13,0
2016060,1,0,5,-64.7,96.733,0,3049.25,0
2016061,1,0,5,-64.7,96.733,0,3100.81,0
2016062,1,0,5,-64.7,96.733,0,3143.61,0
2016063,1,0,5,-64.7,96.733,0,3165.74,0
2016064,1,0.007,6,-64.7,96.733,1,3169.07,0
2016065,1,0.31,7,-64.7,96.727,1,3171.14,0
2016066,1,0.803,7,-64.702,96.71,1,3171.27,0
2016067,1,1.095,7,-64.703,96.687,1,3171.65,0
2016068,1,1.195,7,-64.705,96.662,1,3170.87,0
2016069,1,1.095,7,-64.707,96.64,1,3170,0
2016070,1,0.803,7,-64.708,96.623,1,3168.79,0
2016071,1,0.31,6,-64.708,96.617,1,3167.59,0
2016072,1,0,7,-64.708,96.617,1,3166.07,0
2016073,1,0,7,-64.708,96.617,1,3164.54,0
2016074,1,0,7,-64.708,96.617,1,3162.73,0
2016075,1,0,7,-64.708,96.617,1,3160.91,0
2016076,1,0,7,-64.708,96.617,1,3159.07,0
2016077,1,0,7,-64.708,96.617,1,3157.09,0
2016078,1,0,6,-64.708,96.617,1,3155.06,0
2016079,1,1.689,7,-64.723,96.611,1,3152.89,0
2016080,1,0,7,-64.723,96.611,1,3150.69,0
2016081,1,0,7,-64.723,96.611,1,3138.33,0
2016082,1,0,7,-64.723,96.611,1,3125.94,0
2016083,1,0,7,-64.723,96.611,1,3103.4,0
2016084,1,0,7,-64.723,96.611,1,3080.83,0
2016085,1,0,6,-64.723,96.611,1,3048.11,0
2016086,1,0,7,-64.723,96.611,1,3015.36,0
2016087,1,0,7,-64.723,96.611,1,2953.57,0
2016088,1,0,7,-64.723,96.611,1,2910.67,0
2016089,1,0,7,-64.723,96.611,1,2857.82,0
2016090,1,0,7,-64.723,96.611,1,2805.26,0
2016091,1,0,7,-64.723,96.611,1,2742.95,0
2016092,1,0,6,-64.723,96.611,1,2679.91,0
2016093,1,0,7,-64.723,96.611,1,2607.86,0
2016094,1,0,7,-64.723,96.611,1,2535.8,0
2016095,1,0,7,-64.723,96.611,1,2464,0
2016096,1,0,7,-64.723,96.611,1,2392.2,0
2016097,1,0,7,-64.723,96.611,1,2320.66,0
2016098,1,0,7,-64.723,96.611,1,2249.11,0
2016099,1,0,6,-64.723,96.611,1,2177.85,0
2016100,1,0,7,-64.723,96.611,1,2106.6,0
2016101,1,0,7,-64.723,96.611,1,2034.09,0
2016102,1,0,7,-64.723,96.611,1,1961.72,0
2016103,1,3.096,7,-64.732,96.549,1,1888.11,0
2016104,1,3.093,7,-64.74,96.487,1,1814.65,0
2016105,1,0,7,-64.74,96.487,1,1739.94,0
2016106,1,0,6,-64.74,96.487,1,1675.38,0
2016107,1,0,7,-64.74,96.487,1,1609.58,0
2016108,1,0,7,-64.74,96.487,1,1553.92,0
2016109,1,0,7,-64.74,96.487,1,1497.02,0
2016110,1,0,7,-64.74,96.487,1,1450.27,0
2016111,1,0,7,-64.74,96.487,1,1402.26,0
2016112,1,0,7,-64.74,96.487,1,0,0
2016113,1,0,6,-64.74,96.487,1,0,0
2016114,1,0,7,-64.74,96.487,1,0,0
2016115,1,0,7,-64.74,96.487,1,0,0
2016116,1,0,7,-64.74,96.487,1,0,0
2016117,1,0,7,-64.74,96.487,1,0,0
2016118,1,0,7,-64.74,96.487,1,0,0
2016119,1,0,7,-64.74,96.487,1,0,0
2016120,1,0,6,-64.74,96.487,1,0,0
2016121,1,1.349,7,-64.744,96.514,1,0,0
2016122,1,0,7,-64.744,96.514,1,0,0
2016123,1,0,7,-64.744,96.514,1,0,0
2016124,1,0,7,-64.744,96.514,1,0,0
2016125,1,3.018,7,-64.723,96.472,1,0,0
2016126,1,0,7,-64.723,96.472,1,0,0
2016127,1,0,6,-64.723,96.472,1,0,0
2016128,1,0,7,-64.723,96.472,1,0,0
2016129,1,0,7,-64.723,96.472,1,0,0
2016130,1,0,7,-64.723,96.472,1,0,0
2016131,1,0,7,-64.723,96.472,1,0,0
2016132,1,0,7,-64.723,96.472,1,0,0
2016133,1,0,7,-64.723,96.472,1,0,0
2016134,1,0,7,-64.723,96.472,1,0,0
2016135,1,0,7,-64.723,96.472,1,0,0
2016136,1,0,7,-64.723,96.472,1,0,0
2016137,1,0,7,-64.723,96.472,1,0,0
2016138,1,0,7,-64.723,96.472,1,0,0
2016139,1,0,7,-64.723,96.472,1,0,0
2016140,1,0,7,-64.723,96.472,1,0,0
2016141,1,0,6,-64.723,96.472,1,0,0
2016142,1,0,7,-64.723,96.472,1,0,0
2016143,1,0,7,-64.723,96.472,1,0,0
2016144,1,0,7,-64.723,96.472,1,0,0
2016145,1,0,7,-64.723,96.472,1,0,0
2016146,1,0,7,-64.723,96.472,1,0,0
2016147,1,0,7,-64.723,96.472,1,0,0
2016148,1,0,6,-64.723,96.472,1,0,0
2016149,1,0,7,-64.723,96.472,1,0,0
2016150,1,0,7,-64.723,96.472,1,0,0
2016151,1,0,7,-64.723,96.472,1,0,0
2016152,1,0,7,-64.723,96.472,1,0,0
2016153,1,0,7,-64.723,96.472,1,0,0
2016154,1,0,7,-64.723,96.472,1,0,0
2016155,1,0,7,-64.723,96.472,1,0,0
2016156,1,0,7,-64.723,96.472,1,0,0
2016157,1,0,7,-64.723,96.472,1,0,0
2016158,1,0,7,-64.723,96.472,1,0,0
2016159,1,0,7,-64.723,96.472,1,0,0
2016160,1,0,7,-64.723,96.472,1,0,0
2016161,1,0,7,-64.723,96.472,1,0,0
2016162,1,0,7,-64.723,96.472,1,0,0
2016163,1,0,7,-64.723,96.472,1,0,0
2016164,1,0,7,-64.723,96.472,1,0,0
2016165,1,0,7,-64.723,96.472,1,0,0
2016166,1,1.508,3,-64.717,96.5,1,1383.31,0
2016167,1,0,3,-64.717,96.5,1,1344.2,0
2016168,1,0,3,-64.717,96.5,1,1314.81,0
2016169,1,0,3,-64.717,96.5,1,1285.44,0
2016170,1,0,3,-64.717,96.5,1,1266.08,0
2016171,1,0,3,-64.717,96.5,1,1246.72,0
2016172,1,0,3,-64.717,96.5,1,1237.35,0
2016173,1,0,3,-64.717,96.5,1,1227.99,0
2016174,1,0,3,-64.717,96.5,1,1218.63,0
2016175,1,0,3,-64.717,96.5,1,1209.26,0
2016176,1,0,3,-64.717,96.5,1,1199.9,0
2016177,1,0,3,-64.717,96.5,1,1190.54,0
2016178,1,0,3,-64.717,96.5,1,1181.17,0
2016179,1,0,3,-64.717,96.5,1,1171.81,0
2016180,1,0,3,-64.717,96.5,1,1163.73,0
2016181,1,0,3,-64.717,96.5,1,1155.65,0
2016182,1,1.508,7,-64.723,96.472,1,1148.84,0
2016183,1,0,6,-64.723,96.472,1,1142.04,0
2016184,1,0,7,-64.723,96.472,1,1136.52,0
2016185,1,0,7,-64.723,96.472,1,1131,0
2016186,1,0,7,-64.723,96.472,1,1126.36,0
2016187,1,0,7,-64.723,96.472,1,1121.72,0
2016188,1,0,7,-64.723,96.472,1,1118.36,0
2016189,1,0,7,-64.723,96.472,1,1115,0
2016190,1,0,6,-64.723,96.472,1,1112.92,0
2016191,1,0,7,-64.723,96.472,1,1110.84,0
2016192,1,0,7,-64.723,96.472,1,1110.04,0
2016193,1,0,7,-64.723,96.472,1,1109.64,0
2016194,1,0.228,7,-64.721,96.472,1,1109.24,0
2016195,1,0.439,7,-64.717,96.471,1,1108.84,0
2016196,1,0.831,7,-64.712,96.458,1,1106.65,0
2016197,1,0.551,6,-64.713,96.447,1,1104.46,0
2016198,1,2.411,5,-64.718,96.397,0,1102.26,0
2016199,1,1.039,5,-64.727,96.4,0,1100.07,0
2016200,1,1.814,5,-64.741,96.379,0,1096.09,0
2016201,1,1.377,5,-64.75,96.359,0,1092.11,0
2016202,1,0,5,-64.75,96.359,0,1088.13,0
2016203,1,0,5,-64.75,96.359,0,1084.14,0
2016204,1,0,5,-64.75,96.359,0,1080.16,0
2016205,1,0,5,-64.75,96.359,0,1076.18,0
2016206,1,0,5,-64.75,96.359,0,1072.2,0
2016207,1,0,5,-64.75,96.359,0,1068.22,0
2016208,1,4.655,5,-64.721,96.431,0,1064.23,0
2016209,1,6.029,5,-64.677,96.504,0,1060.25,0
2016210,1,3.726,5,-64.647,96.469,0,1056.27,0
2016211,1,5.301,6,-64.693,96.492,1,1052.69,0
2016212,1,0.843,7,-64.7,96.502,1,1049.1,0
2016213,1,1.232,7,-64.704,96.526,1,1045.52,0
2016214,1,1.677,7,-64.7,96.56,1,1041.94,0
2016215,1,1.349,7,-64.692,96.581,1,1038.36,0
2016216,1,1.134,7,-64.682,96.577,1,1061.89,0
2016217,1,0,7,-64.682,96.577,1,1085.42,0
2016218,1,0,6,-64.682,96.577,1,1136.07,0
2016219,1,0,7,-64.682,96.577,1,1186.71,0
2016220,1,0,7,-64.682,96.577,1,1264.47,0
2016221,1,0,7,-64.682,96.577,1,1344.02,0
2016222,1,0,7,-64.682,96.577,1,1450.69,0
2016223,1,0,7,-64.682,96.577,1,1557.35,0
2016224,1,0,7,-64.682,96.577,1,1691.13,0
2016225,1,0,6,-64.682,96.577,1,1826.7,0
2016226,1,0.066,7,-64.681,96.578,1,1989.38,0
2016227,1,0.175,7,-64.68,96.581,1,2152.07,0
2016228,1,0.694,7,-64.681,96.595,1,2314.75,0
2016229,1,0.964,7,-64.685,96.613,1,2504.55,0
2016230,1,1.921,7,-64.702,96.621,1,2694.34,0
2016231,1,1.185,7,-64.696,96.641,1,2884.14,0
2016232,1,0.96,6,-64.69,96.656,1,3073.94,0
2016233,1,2.801,7,-64.693,96.598,1,3263.74,0
2016234,1,3.239,7,-64.676,96.653,1,3453.53,0
2016235,1,1.118,7,-64.674,96.676,1,3643.33,0
2016236,1,0.463,7,-64.674,96.686,1,3833.13,0
2016237,1,0,7,-64.674,96.686,1,4022.93,0
2016238,1,0.563,7,-64.671,96.696,1,4212.72,0
2016239,1,1.177,6,-64.667,96.719,1,4402.52,0
2016240,1,2.17,7,-64.665,96.765,1,4592.32,0
2016241,1,1.036,7,-64.674,96.766,1,0,0
2016242,1,0,7,-64.674,96.766,1,0,0
2016243,1,0.135,7,-64.674,96.764,1,0,0
2016244,1,0.419,7,-64.675,96.755,1,0,0
2016245,1,5.205,7,-64.666,96.647,1,0,0
2016246,1,0.787,7,-64.67,96.661,1,0,0
2016247,1,0.768,7,-64.674,96.674,1,0,0
2016248,1,0.057,7,-64.674,96.673,1,0,0
2016249,1,0.076,7,-64.674,96.671,1,0,0
2016250,1,0.564,7,-64.669,96.674,1,0,0
2016251,1,0.566,7,-64.664,96.677,1,0,0
2016252,1,0.057,7,-64.664,96.676,1,0,0
2016253,1,0.021,6,-64.664,96.675,1,0,0
2016254,1,0,7,-64.664,96.675,1,0,0
2016255,1,0.326,7,-64.662,96.678,1,0,0
2016256,1,0.446,7,-64.659,96.685,1,0,0
2016257,1,1.071,7,-64.667,96.698,1,0,0
2016258,1,0.701,7,-64.667,96.713,1,0,0
2016259,1,0.406,7,-64.667,96.722,1,0,0
2016260,1,0,6,-64.667,96.722,1,0,0
2016261,1,0,7,-64.667,96.722,1,0,0
2016262,1,0,7,-64.667,96.722,1,0,0
2016263,1,0.856,7,-64.673,96.73,1,0,0
2016264,1,1.592,7,-64.686,96.745,1,0,0
2016265,1,0.856,7,-64.693,96.753,1,0,0
2016266,1,0.425,7,-64.689,96.751,1,0,0
2016267,1,0,6,-64.689,96.751,1,0,0
2016268,1,0,7,-64.689,96.751,1,0,0
2016269,1,0,7,-64.689,96.751,1,0,0
2016270,1,2.95,7,-64.683,96.69,1,0,0
2016271,1,2.17,7,-64.686,96.645,1,0,0
2016272,1,2.172,7,-64.688,96.6,1,0,0
2016273,1,0.514,7,-64.688,96.589,1,0,0
2016274,1,1.697,6,-64.687,96.624,1,0,0
2016275,1,1.041,7,-64.696,96.626,1,0,0
2016276,1,0.376,7,-64.694,96.62,1,0,0
2016277,1,0.381,7,-64.692,96.613,1,0,0
2016278,1,0,7,-64.692,96.613,1,0,0
2016279,1,0.382,7,-64.689,96.618,1,0,0
2016280,1,0.811,7,-64.682,96.622,1,0,0
2016281,1,2.174,6,-64.662,96.617,1,0,0
2016282,1,2.208,7,-64.674,96.655,1,0,0
2016283,1,0.079,7,-64.674,96.655,1,0,0
2016284,1,0.025,7,-64.675,96.655,1,0,0
2016285,1,0,7,-64.675,96.655,1,0,0
2016286,1,0.306,7,-64.674,96.661,1,0,0
2016287,1,0.796,7,-64.674,96.678,1,0,0
2016288,1,1.105,6,-64.672,96.701,1,0,0
2016289,1,2.17,7,-64.67,96.746,1,0,0
2016290,1,2.168,7,-64.668,96.791,1,0,0
2016291,1,0.393,7,-64.67,96.786,1,0,0
2016292,1,0.393,7,-64.673,96.78,1,0,0
2016293,1,0,7,-64.673,96.78,1,0,0
2016294,1,0.952,7,-64.665,96.79,1,0,0
2016295,1,0.958,6,-64.658,96.799,1,0,0
2016296,1,0,7,-64.658,96.799,1,0,0
2016297,1,0,7,-64.658,96.799,1,0,0
2016298,1,0,7,-64.658,96.799,1,0,0
2016299,1,0,7,-64.658,96.799,1,0,0
2016300,1,1.523,7,-64.67,96.787,1,0,0
2016301,1,2.727,7,-64.693,96.763,1,0,0
2016302,1,2.714,6,-64.714,96.734,1,0,0
2016303,1,1.071,7,-64.716,96.712,1,0,0
2016304,1,0,7,-64.716,96.712,1,0,0
2016305,1,1.351,7,-64.708,96.733,1,0,0
2016306,1,1.351,7,-64.7,96.755,1,0,0
2016307,1,4.491,7,-64.709,96.663,1,0,0
2016308,1,0.815,7,-64.704,96.674,1,0,0
2016309,1,0,6,-64.704,96.674,1,0,0
2016310,1,0,7,-64.704,96.674,1,0,0
2016311,1,0.757,7,-64.708,96.687,1,0,0
2016312,1,0.857,7,-64.707,96.669,1,0,0
2016313,1,0.888,7,-64.705,96.651,1,0,0
2016314,1,2.704,7,-64.689,96.694,1,0,0
2016315,1,2.711,7,-64.667,96.722,1,0,0
2016316,1,5.068,7,-64.682,96.62,1,0,0
2016317,1,5.068,7,-64.696,96.519,1,0,0
2016318,1,5.475,7,-64.664,96.607,1,0,0
2016319,1,0.935,7,-64.658,96.622,1,0,0
2016320,1,0.318,7,-64.656,96.627,1,0,0
2016321,1,0,7,-64.656,96.627,1,0,0
2016322,1,1.103,7,-64.655,96.65,1,0,0
2016323,1,1.103,6,-64.654,96.673,1,0,0
2016324,1,5.242,7,-64.673,96.572,1,0,0
2016325,1,3.957,7,-64.687,96.496,1,0,0
2016326,1,2.219,7,-64.703,96.523,1,0,0
2016327,1,1.676,7,-64.713,96.551,1,0,0
2016328,1,1.357,7,-64.701,96.547,1,0,0
2016329,1,0.939,7,-64.709,96.549,1,0,0
2016330,1,2.556,6,-64.686,96.555,1,0,0
2016331,1,0.322,7,-64.689,96.555,1,0,0
2016332,1,2.174,7,-64.709,96.56,1,0,0
2016333,1,1.557,7,-64.696,96.545,1,4787.54,0
2016334,1,0.42,7,-64.7,96.547,1,4982.76,0
2016335,1,0.52,7,-64.695,96.546,1,5150.87,0
2016336,1,0.52,7,-64.691,96.544,1,5351.51,0
2016337,1,0,6,-64.691,96.544,1,5518.25,0
2016338,1,0,7,-64.691,96.544,1,5717.52,0
2016339,1,0,7,-64.691,96.544,1,5882.88,0
2016340,1,1.14,7,-64.698,96.529,1,6080.78,0
2016341,1,1.136,7,-64.706,96.513,1,6244.77,0
2016342,1,0,7,-64.706,96.513,1,6420.5,0
2016343,1,0,7,-64.706,96.513,1,6541.52,0
2016344,1,0,7,-64.706,96.513,1,6674.28,0
2016345,1,0,7,-64.706,96.513,1,6779.45,0
2016346,1,0,7,-64.706,96.513,1,6869.25,0
2016347,1,0.635,7,-64.712,96.51,1,6891.71,0
2016348,1,0,7,-64.712,96.51,1,6914.18,0
2016349,1,0,7,-64.712,96.51,1,6897.53,0
2016350,1,0,7,-64.712,96.51,1,6880.88,0
2016351,1,1.63,6,-64.703,96.482,1,6838.6,0
2016352,1,0,7,-64.703,96.482,1,6796.32,0
2016353,1,0,7,-64.703,96.482,0,6728.41,0
2016354,1,0,7,-64.703,96.482,0,6660.5,0
2016355,1,0,7,-64.703,96.482,0,6566.97,0
2016356,1,0,7,-64.703,96.482,1,6473.43,0
2016357,1,0,7,-64.703,96.482,1,6354.27,0
2016358,1,0,6,-64.703,96.482,1,6202.56,0
2016359,1,0,7,-64.703,96.482,1,6025.23,0
2016360,1,0,7,-64.703,96.482,1,5847.85,0
2016361,1,0,7,-64.703,96.482,1,5637.98,0
2016362,1,0,7,-64.703,96.482,1,5434.91,0
2016363,1,0,7,-64.703,96.482,1,5199.3,0
2016364,1,0,7,-64.703,96.482,1,4970.48,0
2016365,1,0,6,-64.703,96.482,1,4709.13,0
2016366,1,0,7,-64.703,96.482,1,4454.58,0
2017001,1,0,7,-64.703,96.482,1,4188.28,0
2017002,1,0,7,-64.703,96.482,1,3949.58,0
2017003,1,0,7,-64.703,96.482,1,3699.14,0
2017004,1,0,7,-64.703,96.482,1,3476.29,0
2017005,1,0,7,-64.703,96.482,1,3241.7,0
2017006,1,0,7,-64.703,96.482,1,3074.5,0
2017007,1,0,7,-64.703,96.482,1,2907.29,0
2017008,1,0,7,-64.703,96.482,1,2779.09,0
2017009,1,0,7,-64.703,96.482,1,2650.9,0
2017010,1,0,7,-64.703,96.482,1,2548.33,0
2017011,1,0,7,-64.703,96.482,1,2445.87,0
2017012,1,0,7,-64.703,96.482,1,2370.36,0
2017013,1,0,6,-64.703,96.482,1,2294.85,0
2017014,1,0,7,-64.703,96.482,1,2255.15,0
2017015,1,0,7,-64.703,96.482,1,2249.15,0
2017016,1,0,7,-64.703,96.482,1,2283.48,0
2017017,1,0,7,-64.703,96.482,1,2318.57,0
2017018,1,0,7,-64.703,96.482,1,2393.99,0
2017019,1,0,7,-64.703,96.482,1,2468.99,0
2017020,1,0,6,-64.703,96.482,1,2560.07,0
2017021,1,0,7,-64.703,96.482,1,2652.3,0
2017022,1,0,7,-64.703,96.482,1,2761.24,0
2017023,1,0,7,-64.703,96.482,1,2870.18,0
2017024,1,0,7,-64.703,96.482,1,2980.46,0
2017025,1,0,7,-64.703,96.482,1,3090.73,0
2017026,1,0,7,-64.703,96.482,1,3201.15,0
2017027,1,0,6,-64.703,96.482,1,3311.72,0
2017028,1,0,7,-64.703,96.482,1,3422.29,0
2017029,1,0,7,-64.703,96.482,1,3532.56,0
2017030,1,0,7,-64.703,96.482,1,3642.98,0.002
2017031,1,0,7,-64.703,96.482,1,3753.21,-0.0038
2017032,1,0,7,-64.703,96.482,1,3863.43,-0.0184
2017033,1,0,7,-64.703,96.482,1,3973.76,0.0427
2017034,1,0,7,-64.703,96.482,1,4084.09,0.0112
2017035,1,0,7,-64.703,96.482,1,4194.64,0.0249
2017036,1,0,7,-64.703,96.482,1,4305.15,-0.0543
2017037,1,0,7,-64.703,96.482,1,4414.26,-0.1731
2017038,1,11.361,7,-64.788,96.349,1,4523.45,-0.1622
2017039,1,0,7,-64.788,96.349,1,4622.46,-0.1588
2017040,1,0,7,-64.788,96.349,1,4687.77,-0.1226
2017041,1,0,7,-64.788,96.349,1,4739.65,-0.0136
2017042,1,0,7,-64.788,96.349,1,4792.02,0.0087
2017043,1,0,7,-64.788,96.349,1,4830.96,0.0736
2017044,1,0,7,-64.788,96.349,1,4871.65,0.0204
2017045,1,0,7,-64.788,96.349,1,4896.2,-0.0376
2017046,1,0,7,-64.788,96.349,1,4919.6,0.0079
2017047,1,0,7,-64.788,96.349,1,4926.29,0
2017048,1,0,6,-64.788,96.349,1,4932.98,0
2017049,1,12.603,5,-64.877,96.182,0,4938.33,0
2017050,1,0,5,-64.877,96.182,0,4943.68,0
2017051,1,0,5,-64.877,96.182,0,4948.89,0
2017052,1,0,5,-64.877,96.182,0,4953.95,0
2017053,1,0,5,-64.877,96.182,0,4863.41,0
2017054,1,0,5,-64.877,96.182,0,4773.15,0
2017055,1,0,5,-64.877,96.182,0,4682.75,0
2017056,1,0,5,-64.877,96.182,0,4592.5,0
2017057,1,0,5,-64.877,96.182,0,4502.24,0
2017058,1,0,5,-64.877,96.182,0,4411.99,0
2017059,1,0,5,-64.877,96.182,0,4321.73,0
2017060,1,0,5,-64.877,96.182,0,4231.26,0
2017061,1,0,5,-64.877,96.182,0,4140.71,0
2017062,1,0,5,-64.877,96.182,0,4050.24,0
2017063,1,0,5,-64.877,96.182,0,3959.7,0
2017064,1,0,5,-64.877,96.182,0,3869.15,0
2017065,1,0,5,-64.877,96.182,0,0,0
2017066,1,0,5,-64.877,96.182,0,0,0
2017067,1,0,5,-64.877,96.182,0,0,0
2017068,1,0,5,-64.877,96.182,0,0,0
2017069,1,0,5,-64.877,96.182,0,0,0
2017070,1,0,5,-64.877,96.182,0,0,0
2017071,1,0,5,-64.877,96.182,0,0,0
2017072,1,2.635,5,-64.858,96.147,0,0,0
2017073,1,4.349,5,-64.863,96.055,0,0,0
2017074,1,0,5,-64.863,96.055,0,0,0
2017075,1,0,5,-64.863,96.055,0,0,0
2017076,1,0,5,-64.863,96.055,0,0,0
2017077,1,3.55,5,-64.876,95.987,0,0,0
2017078,1,0,5,-64.876,95.987,0,0,0
2017079,1,0,5,-64.876,95.987,0,0,0
2017080,1,0,5,-64.876,95.987,0,0,0
2017081,1,0,5,-64.876,95.987,0,0,0
2017082,1,0,5,-64.876,95.987,0,0,0
2017083,1,0,5,-64.876,95.987,0,0,0
2017084,1,0,5,-64.876,95.987,0,0,0
2017085,1,0,5,-64.876,95.987,0,0,0
2017086,1,0,5,-64.876,95.987,0,0,0
2017087,1,0,5,-64.876,95.987,0,0,0
2017088,1,0,5,-64.876,95.987,0,0,0
2017089,1,0,5,-64.876,95.987,0,0,0
2017090,1,0,5,-64.876,95.987,0,0,0
2017091,1,0,5,-64.876,95.987,0,0,0
2017092,1,0,5,-64.876,95.987,0,0,0
2017093,1,0,5,-64.876,95.987,0,0,0
2017094,1,0,5,-64.876,95.987,0,0,0
2017095,1,0,5,-64.876,95.987,0,0,0
2017096,1,0,5,-64.876,95.987,0,0,0
2017097,1,0,5,-64.876,95.987,0,0,0
2017098,1,0,5,-64.876,95.987,0,0,0
2017099,1,0,5,-64.876,95.987,0,0,0
2017100,1,0,5,-64.876,95.987,0,0,0
2017101,1,0,5,-64.876,95.987,0,0,0
2017102,1,0,5,-64.876,95.987,0,0,0
2017103,1,0,5,-64.876,95.987,0,0,0
2017104,1,0,5,-64.876,95.987,0,0,0
2017105,1,0,5,-64.876,95.987,0,0,0
2017106,1,0,5,-64.876,95.987,0,0,0
2017107,1,0,5,-64.876,95.987,0,0,0
2017108,1,0,5,-64.876,95.987,0,0,0
2017109,1,0,5,-64.876,95.987,0,0,0
2017110,1,0,5,-64.876,95.987,0,0,0
2017111,1,0,5,-64.876,95.987,0,0,0
2017112,1,0,5,-64.876,95.987,0,0,0
2017113,1,0,5,-64.876,95.987,0,0,0
2017114,1,0,5,-64.876,95.987,0,0,0
2017115,1,0,5,-64.876,95.987,0,0,0
2017116,1,0,5,-64.876,95.987,0,0,0
2017117,1,0,5,-64.876,95.987,0,0,0
2017118,1,0,5,-64.876,95.987,0,0,0
2017119,1,0,5,-64.876,95.987,0,0,0
2017120,1,0,5,-64.876,95.987,0,0,0
2017121,1,0,5,-64.876,95.987,0,0,0
2017122,1,0,5,-64.876,95.987,0,0,0
2017123,1,0,5,-64.876,95.987,0,0,0
2017124,1,0,5,-64.876,95.987,0,0,0
2017125,1,0,5,-64.876,95.987,0,0,0
2017126,1,0,5,-64.876,95.987,0,0,0
2017127,1,0,5,-64.876,95.987,0,0,0
2017128,1,0,5,-64.876,95.987,0,0,0
2017129,1,0,5,-64.876,95.987,0,0,0
2017130,1,0,5,-64.876,95.987,0,0,0
2017131,1,0,5,-64.876,95.987,0,0,0
2017132,1,0,5,-64.876,95.987,0,0,0
2017133,1,0,5,-64.876,95.987,0,0,0
2017134,1,0,5,-64.876,95.987,0,0,0
2017135,1,0,5,-64.876,95.987,0,0,0
2017136,1,0,5,-64.876,95.987,0,0,0
2017137,1,0,5,-64.876,95.987,0,0,0
2017138,1,0,5,-64.876,95.987,0,0,0
2017139,1,0,5,-64.876,95.987,0,0,0
2017140,1,1.656,5,-64.861,95.988,0,0,0
2017141,1,1.656,5,-64.846,95.99,0,0,0
2017142,1,0,5,-64.846,95.99,0,0,0
2017143,1,0,5,-64.846,95.99,0,0,0
2017144,1,0,5,-64.846,95.99,0,0,0
2017145,1,0,5,-64.846,95.99,0,0,0
2017146,1,0,5,-64.846,95.99,0,0,0
2017147,1,0,5,-64.846,95.99,0,0,0
2017148,1,0,5,-64.846,95.99,0,0,0
2017149,1,0,5,-64.846,95.99,0,0,0
2017150,1,0,5,-64.846,95.99,0,0,0
2017151,1,0,5,-64.846,95.99,0,0,0
2017152,1,0,5,-64.846,95.99,0,0,0
2017153,1,0,5,-64.846,95.99,0,0,0
2017154,1,0,5,-64.846,95.99,0,0,0
2017155,1,0,5,-64.846,95.99,0,0,0
2017156,1,0,5,-64.846,95.99,0,0,0
2017157,1,0,5,-64.846,95.99,0,0,0
2017158,1,0,5,-64.846,95.99,0,0,0
2017159,1,0,5,-64.846,95.99,0,0,0
2017160,1,0,5,-64.846,95.99,0,0,0
2017161,1,0,5,-64.846,95.99,0,0,0
2017162,1,0,5,-64.846,95.99,0,0,0
2017163,1,0,5,-64.846,95.99,0,0,0
2017164,1,0,5,-64.846,95.99,0,0,0
2017165,1,0,5,-64.846,95.99,0,0,0
2017166,1,11.274,5,-64.778,96.168,0,0,0
2017167,1,0,5,-64.778,96.168,0,0,0
2017168,1,0,5,-64.778,96.168,0,0,0
2017169,1,22.67,5,-64.717,96.625,0,0,0
2017170,1,0,5,-64.717,96.625,0,0,0
2017171,1,0,5,-64.717,96.625,0,0,0
2017172,1,0,5,-64.717,96.625,0,0,0
2017173,1,1.854,5,-64.709,96.591,0,0,0
2017174,1,0,5,-64.709,96.591,0,0,0
2017175,1,3.255,5,-64.687,96.636,0,0,0
2017176,1,0,5,-64.687,96.636,0,0,0
2017177,1,0,5,-64.687,96.636,0,0,0
2017191,14,0,5,-64.687,96.636,0,0,0
2017192,1,0,5,-64.687,96.636,0,0,0
2017193,1,0,5,-64.687,96.636,0,0,0
2017194,1,0,5,-64.687,96.636,0,0,0
2017195,1,0,5,-64.687,96.636,0,0,0
2017196,1,0,5,-64.687,96.636,0,0,0
2017197,1,0,5,-64.687,96.636,0,0,0
2017198,1,0,5,-64.687,96.636,0,0,0
2017199,1,0,5,-64.687,96.636,0,0,0
2017200,1,0,5,-64.687,96.636,0,0,0
2017201,1,0,5,-64.687,96.636,0,0,0
2017202,1,0,5,-64.687,96.636,0,0,0
2017203,1,0,5,-64.687,96.636,0,0,0
2017204,1,0,5,-64.687,96.636,0,0,0
2017205,1,0,5,-64.687,96.636,0,0,0
2017206,1,0,5,-64.687,96.636,0,0,0
2017207,1,0,5,-64.687,96.636,0,0,0
2017208,1,0,5,-64.687,96.636,0,0,0
2017209,1,0,5,-64.687,96.636,0,0,0
2017210,1,4.345,5,-64.683,96.727,0,0,0
2017211,1,0,5,-64.683,96.727,0,0,0
2017212,1,0,5,-64.683,96.727,0,0,0
2017213,1,1.809,5,-64.691,96.76,0,0,0
2017214,1,0,5,-64.691,96.76,0,0,0
2017215,1,0,5,-64.691,96.76,0,0,0
2017216,1,0,5,-64.691,96.76,0,0,0
2017217,1,0,5,-64.691,96.76,0,0,0
2017218,1,0,5,-64.691,96.76,0,0,0
2017219,1,0,5,-64.691,96.76,0,0,0
2017220,1,0,5,-64.691,96.76,0,0,0
2017221,1,0,5,-64.691,96.76,0,0,0
2017222,1,0,5,-64.691,96.76,0,0,0
2017223,1,0,5,-64.691,96.76,0,0,0
2017224,1,0,5,-64.691,96.76,0,0,0
2017225,1,0,5,-64.691,96.76,0,0,0
2017226,1,0,5,-64.691,96.76,0,0,0
2017227,1,0,5,-64.691,96.76,0,0,0
2017228,1,0,5,-64.691,96.76,0,0,0
2017229,1,0,5,-64.691,96.76,0,0,0
2017230,1,0,5,-64.691,96.76,0,0,0
2017231,1,0,5,-64.691,96.76,0,0,0
2017232,1,0,5,-64.691,96.76,0,0,0
2017233,1,0,5,-64.691,96.76,0,0,0
2017234,1,0,5,-64.691,96.76,0,0,0
2017235,1,0,5,-64.691,96.76,0,0,0
2017236,1,0,5,-64.691,96.76,0,0,0
2017237,1,0,5,-64.691,96.76,0,0,0
2017238,1,0,5,-64.691,96.76,0,0,0
2017239,1,0,5,-64.691,96.76,0,0,0
2017240,1,0,5,-64.691,96.76,0,0,0
2017241,1,0,5,-64.691,96.76,0,0,0
2017242,1,0,5,-64.691,96.76,0,0,0
2017243,1,0,5,-64.691,96.76,0,0,0
2017244,1,11.595,3,-64.7,96.517,1,0,0
2017245,1,0,3,-64.7,96.517,1,0,0
2017246,1,0,3,-64.7,96.517,1,0,0
2017247,1,0,3,-64.7,96.517,1,0,0
2017248,1,0,3,-64.7,96.517,1,0,0
2017249,1,0,3,-64.7,96.517,1,0,0
2017250,1,0,3,-64.7,96.517,1,0,0
2017251,1,0,2,-64.7,96.517,1,0,0
2017252,1,0,3,-64.7,96.517,1,0,0
2017253,1,0,3,-64.7,96.517,1,0,0
2017254,1,0,3,-64.7,96.517,1,0,0
2017255,1,0,3,-64.7,96.517,1,0,0
2017256,1,0,3,-64.7,96.517,1,0,0
2017257,1,0,3,-64.7,96.517,1,0,0
2017258,1,0,3,-64.7,96.517,1,0,0
2017259,1,0,3,-64.7,96.517,1,0,0
2017260,1,0,3,-64.7,96.517,1,0,0
2017261,1,0,3,-64.7,96.517,1,0,0
2017262,1,0,3,-64.7,96.517,1,0,0
2017263,1,0,3,-64.7,96.517,1,0,0
2017264,1,0,3,-64.7,96.517,1,0,0
2017265,1,0,3,-64.7,96.517,1,0,0
2017266,1,0,3,-64.7,96.517,1,0,0
2017267,1,0,3,-64.7,96.517,1,0,0
2017268,1,0,3,-64.7,96.517,1,0,0
2017269,1,0,3,-64.7,96.517,1,0,0
2017270,1,0,3,-64.7,96.517,1,0,0
2017271,1,0,3,-64.7,96.517,1,0,0
2017272,1,0,3,-64.7,96.517,1,0,0
2017273,1,0,3,-64.7,96.517,1,0,0
2017274,1,0,3,-64.7,96.517,1,0,0
2017275,1,0,3,-64.7,96.517,1,0,0
2017276,1,0,3,-64.7,96.517,1,0,0
2017277,1,0,3,-64.7,96.517,1,0,0
2017278,1,0,3,-64.7,96.517,1,0,0
2017279,1,0,3,-64.7,96.517,1,0,0
2017280,1,0,3,-64.7,96.517,1,0,0
2017281,1,0,3,-64.7,96.517,1,0,0
2017282,1,0,3,-64.7,96.517,1,0,0
2017283,1,0,3,-64.7,96.517,1,0,0
2017284,1,0,3,-64.7,96.517,1,0,0
2017285,1,0,3,-64.7,96.517,1,0,0
2017286,1,0,3,-64.7,96.517,1,0,0
2017287,1,0,3,-64.7,96.517,1,0,0
2017288,1,0,3,-64.7,96.517,1,0,0
2017289,1,0,3,-64.7,96.517,1,0,0
2017290,1,0,3,-64.7,96.517,1,0,0
2017291,1,0,3,-64.7,96.517,1,0,0
2017292,1,0,3,-64.7,96.517,1,0,0
2017293,1,0,3,-64.7,96.517,1,0,0
2017294,1,0,3,-64.7,96.517,1,0,0
2017295,1,0,3,-64.7,96.517,1,0,0
2017296,1,0,3,-64.7,96.517,1,0,0
2017297,1,0,3,-64.7,96.517,1,0,0
2017298,1,0,3,-64.7,96.517,1,0,0
2017299,1,0,3,-64.7,96.517,1,0,0
2017300,1,0,3,-64.7,96.517,1,0,0
2017301,1,0,3,-64.7,96.517,1,0,0
2017302,1,0,3,-64.7,96.517,1,0,0
2017303,1,0,3,-64.7,96.517,1,0,0
2017304,1,0,3,-64.7,96.517,1,0,0
2017305,1,0,3,-64.7,96.517,1,0,0
2017306,1,0,3,-64.7,96.517,1,0,0
2017307,1,0,3,-64.7,96.517,1,0,0
2017308,1,0,3,-64.7,96.517,1,0,0
2017309,1,0,3,-64.7,96.517,1,0,0
2017310,1,0,3,-64.7,96.517,1,0,0
2017311,1,0,3,-64.7,96.517,1,0,0
2017312,1,0,3,-64.7,96.517,1,0,0
2017313,1,0,3,-64.7,96.517,1,0,0
2017314,1,0,3,-64.7,96.517,1,0,0
2017315,1,0,3,-64.7,96.517,1,0,0
2017316,1,0,3,-64.7,96.517,1,0,0
2017317,1,0,3,-64.7,96.517,1,0,0
2017318,1,0,3,-64.7,96.517,1,0,0
2017319,1,0,3,-64.7,96.517,1,0,0
2017320,1,0,3,-64.7,96.517,1,0,0
2017321,1,0,3,-64.7,96.517,1,0,0
2017322,1,12.367,5,-64.809,96.462,0,0,0
2017323,1,0,5,-64.809,96.462,0,0,0
2017324,1,0,5,-64.809,96.462,0,0,0
2017325,1,0,5,-64.809,96.462,0,0,0
2017326,1,0,5,-64.809,96.462,0,0,0
2017327,1,0,5,-64.809,96.462,0,0,0
2017328,1,1428.3,7,-67.046,128.172,0,0,0
2017329,1,1428.44,5,-64.809,96.462,0,0,0
2017330,1,0,5,-64.809,96.462,0,0,0
2017331,1,0,5,-64.809,96.462,0,0,0
2017332,1,0,5,-64.809,96.462,0,0,0
2017333,1,0,5,-64.809,96.462,0,0,0
2017334,1,0,5,-64.809,96.462,0,0,0
2017335,1,0,5,-64.809,96.462,0,0,0
2017336,1,0,5,-64.809,96.462,0,0,0
2017337,1,0,5,-64.809,96.462,0,0,0
2017338,1,13.053,5,-64.827,96.189,0,0,0
2017339,1,0,5,-64.827,96.189,0,0,0
2017340,1,0,5,-64.827,96.189,0,0,0
2017341,1,0,5,-64.827,96.189,0,0,0
2017342,1,10.712,7,-64.761,96.353,1,0,0
2017343,1,0.9,7,-64.753,96.354,1,0,0
2017344,1,1.368,7,-64.74,96.356,1,0,0
2017345,1,1.736,7,-64.725,96.358,1,0,0
2017346,1,1.999,7,-64.707,96.361,1,0,0
2017347,1,2.163,7,-64.687,96.365,1,3778.61,0
2017348,1,2.212,7,-64.668,96.371,1,3686.8,0
2017349,1,2.174,7,-64.648,96.377,1,3593.72,0
2017350,1,2.023,7,-64.63,96.384,1,3499.38,0
2017351,1,1.779,7,-64.615,96.393,1,3403.77,0
2017352,1,1.444,7,-64.602,96.403,1,3308.16,0
2017353,1,1.046,7,-64.594,96.414,1,3212.55,0
2017354,1,0.683,7,-64.591,96.426,1,3116.95,0
2017355,1,3.778,7,-64.593,96.506,1,3021.34,0
2017356,1,3.461,6,-64.594,96.578,1,2925.73,0
2017357,1,0,7,-64.594,96.578,1,2830.12,0
2017358,1,0,7,-64.594,96.578,1,2734.51,0
2017359,1,0,7,-64.594,96.578,1,2638.91,0
2017360,1,0,7,-64.594,96.578,1,2638.91,0
2017361,1,0,7,-64.594,96.578,1,2639.37,0
2017362,1,0,7,-64.594,96.578,1,2639.84,0
2017363,1,0,6,-64.594,96.578,1,2640.31,0.0305
2017364,1,0,7,-64.594,96.578,1,2640.78,-0.0094
2017365,1,0,7,-64.594,96.578,1,2641.25,0.0498
2018001,1,0,7,-64.594,96.578,1,2641.71,-0.0586
2018002,1,0,7,-64.594,96.578,1,2642.18,-0.3296
2018003,1,4.007,7,-64.599,96.495,1,2642.65,-0.7269
2018004,1,0,7,-64.599,96.495,1,2643.59,-0.8548
2018005,1,4.327,6,-64.604,96.405,1,2646.92,-0.7797
2018006,1,0,7,-64.604,96.405,1,2647.86,-0.2637
2018007,1,0,7,-64.604,96.405,1,2648.8,-0.0171
2018008,1,0,7,-64.604,96.405,1,2654.55,0.1857
2018009,1,0,7,-64.604,96.405,1,2660.29,0.1699
2018010,1,0,7,-64.604,96.405,1,2660.76,0.009
2018011,1,0,7,-64.604,96.405,1,2661.23,-0.3576
2018012,1,0,6,-64.604,96.405,1,2661.93,-0.3606
2018013,1,0,7,-64.604,96.405,1,2659.8,-0.2962
2018014,1,0,7,-64.604,96.405,1,2657.67,-0.0015
2018015,1,0,7,-64.604,96.405,1,2652.47,-0.065
2018016,1,0,7,-64.604,96.405,1,2647.27,-0.1561
2018017,1,0,7,-64.604,96.405,1,2641.37,-0.1913
2018018,1,0,7,-64.604,96.405,1,2632.83,-0.2131
2018019,1,1.668,7,-64.589,96.413,1,2616.84,-0.2719
2018020,1,1.662,7,-64.574,96.422,1,2603.17,-0.1695
2018021,1,0,7,-64.574,96.422,1,2583.29,-0.1319
2018022,1,0,7,-64.574,96.422,1,2561.49,-0.0768
2018023,1,0,7,-64.574,96.422,1,2540.09,-0.0258
2018024,1,0,7,-64.574,96.422,1,2518.69,0.012
2018025,1,0,7,-64.574,96.422,1,2497.67,0.016
2018026,1,0,6,-64.574,96.422,1,2476.66,0
2018027,1,0,7,-64.574,96.422,1,2456.17,0
2018028,1,0,7,-64.574,96.422,1,2435.84,0
2018029,1,0,7,-64.574,96.422,1,2415.62,0
2018030,1,0,7,-64.574,96.422,1,2393.15,0
2018031,1,0,7,-64.574,96.422,1,2373.71,0
2018032,1,0,7,-64.574,96.422,1,2354.42,0
2018033,1,0,6,-64.574,96.422,1,2330.96,0
2018034,1,0,7,-64.574,96.422,1,2307.65,0
2018035,1,0,7,-64.574,96.422,1,2290.25,0
2018036,1,0,7,-64.574,96.422,1,2273.01,0
2018037,1,0,7,-64.574,96.422,1,2256.17,0
2018038,1,0,7,-64.574,96.422,1,2238.3,0
2018039,1,0,7,-64.574,96.422,1,2225.08,0
2018040,1,0,6,-64.574,96.422,1,2214.67,0
2018041,1,0,7,-64.574,96.422,1,2204.85,0
2018042,1,0,7,-64.574,96.422,1,2195.75,0
2018043,1,0,7,-64.574,96.422,1,2189.42,0
2018044,1,0,7,-64.574,96.422,1,2190.54,0
2018045,1,0,7,-64.574,96.422,1,2188.59,0
2018046,1,0,7,-64.574,96.422,1,2192.4,0
2018047,1,0,6,-64.574,96.422,1,2197.37,0
2018048,1,0,7,-64.574,96.422,1,2201.95,0
2018049,1,0,7,-64.574,96.422,1,2205.8,0
2018050,1,0,7,-64.574,96.422,1,2208.76,0
2018051,1,0,7,-64.574,96.422,1,2212.95,0
2018052,1,0,7,-64.574,96.422,1,2220.17,0
2018053,1,0,7,-64.574,96.422,1,2226.3,0
2018054,1,0,6,-64.574,96.422,1,2229.9,0
2018055,1,0,7,-64.574,96.422,1,2223.26,0
2018056,1,0,7,-64.574,96.422,1,2225.77,0
2018057,1,0,7,-64.574,96.422,1,2213.85,0.0023
2018058,1,0,7,-64.574,96.422,1,2198.08,-0.006
2018059,1,0,7,-64.574,96.422,1,2180.01,-0.0013
2018060,1,0,7,-64.574,96.422,1,2157.48,0.0024
2018061,1,0,6,-64.574,96.422,1,2132.22,0.005
2018062,1,21.641,7,-64.768,96.473,1,2102.41,0.0066
2018063,1,0,7,-64.768,96.473,1,2073.83,0.0072
2018064,1,0,7,-64.768,96.473,1,2037.36,0.0067
2018065,1,0,7,-64.768,96.473,1,1999.2,0.0053
2018066,1,0,7,-64.768,96.473,1,1960.45,-0.0045
2018067,1,0,7,-64.768,96.473,1,1917.02,0
2018068,1,0,6,-64.768,96.473,1,1870.49,0
2018069,1,0,7,-64.768,96.473,1,1822.98,0
2018070,1,0,7,-64.768,96.473,1,1770.57,0
2018071,1,0,7,-64.768,96.473,1,1720.47,0
2018072,1,0,7,-64.768,96.473,1,1669.9,0
2018073,1,0,7,-64.768,96.473,1,1618.57,0
2018074,1,0,7,-64.768,96.473,1,1566.99,0
2018075,1,0,7,-64.768,96.473,1,1514.83,0
2018076,1,0,7,-64.768,96.473,1,1460.92,0
2018077,1,0,7,-64.768,96.473,1,1403.28,0
2018078,1,0,7,-64.768,96.473,1,1346.39,0
2018079,1,0,7,-64.768,96.473,1,1290.29,0
2018080,1,7.84,3,-64.7,96.517,1,1242.79,0
2018081,1,0,3,-64.7,96.517,1,1185.5,0
2018082,1,0,3,-64.7,96.517,1,0,0
2018083,1,0,3,-64.7,96.517,1,0,0
2018084,1,0,3,-64.7,96.517,1,0,0
2018085,1,0,3,-64.7,96.517,1,0,0
2018086,1,0,3,-64.7,96.517,1,0,0
2018087,1,0,3,-64.7,96.517,1,0,0
2018088,1,0,3,-64.7,96.517,1,0,0
2018089,1,0,3,-64.7,96.517,1,0,0
2018090,1,0,3,-64.7,96.517,1,0,0
2018091,1,0,3,-64.7,96.517,1,0,0
2018092,1,0,3,-64.7,96.517,1,0,0
2018093,1,7.84,7,-64.768,96.473,1,0,0
2018094,1,0,7,-64.768,96.473,1,0,0
2018095,1,0,7,-64.768,96.473,1,0,0
2018096,1,0,6,-64.768,96.473,1,0,0
2018097,1,0,7,-64.768,96.473,1,0,0
2018098,1,0,7,-64.768,96.473,1,0,0
2018099,1,0,7,-64.768,96.473,1,0,0
2018100,1,0,7,-64.768,96.473,1,0,0
2018101,1,0,7,-64.768,96.473,1,0,0
2018102,1,0,7,-64.768,96.473,1,0,0
2018103,1,0,6,-64.768,96.473,1,0,0
2018104,1,0,7,-64.768,96.473,1,0,0
2018105,1,7.84,3,-64.7,96.517,1,0,0
2018106,1,0,3,-64.7,96.517,1,0,0
2018107,1,0,3,-64.7,96.517,1,0,0
2018108,1,0,3,-64.7,96.517,1,1142.31,0
2018109,1,0,3,-64.7,96.517,1,1099.24,0
2018110,1,0,3,-64.7,96.517,1,1060.86,0
2018111,1,0,3,-64.7,96.517,1,1024.71,0
2018112,1,0,3,-64.7,96.517,1,990.36,0
2018113,1,0,3,-64.7,96.517,1,960.45,0
2018114,1,0,3,-64.7,96.517,1,933.12,0
2018115,1,0,3,-64.7,96.517,1,908.73,0
2018116,1,0,3,-64.7,96.517,1,886.1,0
2018117,1,7.84,6,-64.768,96.473,1,863.24,0
2018118,1,7.84,3,-64.7,96.517,1,844.82,0
2018119,1,0,3,-64.7,96.517,1,829.48,0
2018120,1,0,3,-64.7,96.517,1,814.97,0
2018121,1,0,3,-64.7,96.517,1,806.07,0
2018122,1,0,3,-64.7,96.517,1,794.72,0
2018123,1,0,3,-64.7,96.517,1,784.61,0
2018124,1,0,3,-64.7,96.517,1,775.7,0
2018125,1,0.043,3,-64.7,96.516,1,767.69,0
2018126,1,0.114,3,-64.7,96.513,1,760.59,0
2018127,1,0.157,3,-64.7,96.51,1,753.91,0
2018128,1,0.166,3,-64.7,96.507,1,746.96,0
2018129,1,0.157,3,-64.7,96.503,1,740.08,0
2018130,1,0.114,3,-64.7,96.501,1,734.55,0
2018131,1,0.043,3,-64.7,96.5,1,730.48,0
2018132,1,0,3,-64.7,96.5,1,726.33,0
2018133,1,0,3,-64.7,96.5,1,722.34,0
2018134,1,0,3,-64.7,96.5,1,721.4,0
2018135,1,0,3,-64.7,96.5,1,717.89,0
2018136,1,5.709,7,-64.75,96.532,1,715.95,0
2018137,1,0,7,-64.75,96.532,1,714.79,0
2018138,1,0,7,-64.75,96.532,1,713.08,0
2018139,1,0,7,-64.75,96.532,1,711.42,0
2018140,1,0,7,-64.75,96.532,1,710.04,0
2018141,1,0,7,-64.75,96.532,1,708.87,0
2018142,1,0,7,-64.75,96.532,1,707.91,0
2018143,1,0,7,-64.75,96.532,1,707.31,0
2018144,1,5.709,3,-64.7,96.5,1,706.59,0
2018145,1,0,3,-64.7,96.5,1,706.18,0
2018146,1,0.109,3,-64.699,96.501,1,705.79,0
2018147,1,0.29,3,-64.697,96.503,1,706.39,0
2018148,1,0.398,3,-64.693,96.507,1,706.97,0
2018149,1,0.423,3,-64.69,96.51,1,707.47,0
2018150,1,0.398,3,-64.687,96.513,1,708.07,0
2018151,1,0.29,3,-64.684,96.516,1,709.2,0
2018152,1,0.109,3,-64.683,96.517,1,710.43,0
2018153,1,0,3,-64.683,96.517,1,712.48,0
2018154,1,0,3,-64.683,96.517,1,714.66,0
2018155,1,0,3,-64.683,96.517,1,717,0
2018156,1,0,3,-64.683,96.517,1,719.4,0
2018157,1,0,3,-64.683,96.517,1,721.85,0
2018158,1,0,3,-64.683,96.517,1,724.35,0
2018159,1,0,3,-64.683,96.517,1,726.87,0
2018160,1,0,3,-64.683,96.517,1,729.43,0
2018161,1,0,3,-64.683,96.517,1,732.01,0
2018162,1,9.715,7,-64.769,96.476,1,740.36,0
2018163,1,0,7,-64.769,96.476,1,748.73,0
2018164,1,0,7,-64.769,96.476,1,757.11,0
2018165,1,0,7,-64.769,96.476,1,765.49,0
2018166,1,0,7,-64.769,96.476,1,773.88,0
2018167,1,0,7,-64.769,96.476,1,782.26,0
2018168,1,0,7,-64.769,96.476,1,790.51,0
2018169,1,0,7,-64.769,96.476,1,798.75,0
2018170,1,0,7,-64.769,96.476,1,806.86,0
2018171,1,0,7,-64.769,96.476,1,814.97,0
2018172,1,0,7,-64.769,96.476,1,822.23,0
2018173,1,0,7,-64.769,96.476,1,829.49,0
2018174,1,9.714,5,-64.855,96.435,0,0,0
2018175,1,0,5,-64.855,96.435,0,0,0
2018176,1,0,5,-64.855,96.435,0,0,0
2018177,1,0,5,-64.855,96.435,0,0,0
2018178,1,0,5,-64.855,96.435,0,0,0
2018179,1,0,5,-64.855,96.435,0,0,0
2018180,1,0,5,-64.855,96.435,0,0,0
2018181,1,0,5,-64.855,96.435,0,0,0
2018182,1,0,5,-64.855,96.435,0,0,0
2018183,1,0,5,-64.855,96.435,0,0,0
2018242,59,0,5,-64.855,96.435,0,0,0
2018243,1,0,5,-64.855,96.435,0,0,0
2018244,1,0,5,-64.855,96.435,0,0,0
2018245,1,0,5,-64.855,96.435,0,0,0
2018246,1,0,5,-64.855,96.435,0,0,0
2018247,1,0,5,-64.855,96.435,0,0,0
2018248,1,0,5,-64.855,96.435,0,0,0
2018249,1,0,5,-64.855,96.435,0,0,0
2018250,1,0,5,-64.855,96.435,0,0,0
2018251,1,0,5,-64.855,96.435,0,0,0
2018252,1,0,5,-64.855,96.435,0,0,0
2018253,1,0,5,-64.855,96.435,0,0,0
2018254,1,0,5,-64.855,96.435,0,0,0
2018255,1,0,5,-64.855,96.435,0,0,0
2018256,1,0,5,-64.855,96.435,0,0,0
2018257,1,0,5,-64.855,96.435,0,0,0
2018258,1,0,5,-64.855,96.435,0,0,0
2018259,1,0,5,-64.855,96.435,0,0,0
2018260,1,0,5,-64.855,96.435,0,0,0
2018261,1,0,5,-64.855,96.435,0,0,0
2018262,1,0,5,-64.855,96.435,0,836.38,0
2018263,1,0,5,-64.855,96.435,0,843.27,0
2018264,1,0,5,-64.855,96.435,0,849.78,0
2018265,1,0,5,-64.855,96.435,0,856.29,0
2018266,1,0,5,-64.855,96.435,0,862.43,0
2018267,1,0,5,-64.855,96.435,0,868.56,0
2018268,1,0,5,-64.855,96.435,0,874.33,0
2018269,1,0,5,-64.855,96.435,0,880.09,0
2018270,1,0,5,-64.855,96.435,0,885.85,0
2018271,1,0,5,-64.855,96.435,0,891.61,0
2018272,1,0,5,-64.855,96.435,0,897.38,0
2018273,1,0,5,-64.855,96.435,0,903.14,0
2018274,1,0,5,-64.855,96.435,0,908.9,0
2018275,1,24.476,5,-64.636,96.377,0,908.9,0
2018276,1,24.479,5,-64.417,96.319,0,908.9,0
2018277,1,0,5,-64.417,96.319,0,908.9,0
2018278,1,15.537,7,-64.55,96.418,0,908.9,0
2018279,1,15.537,5,-64.417,96.319,0,908.9,0
2018280,1,0,5,-64.417,96.319,0,908.9,0
2018281,1,0,5,-64.417,96.319,0,908.9,0
2018282,1,0,5,-64.417,96.319,0,908.9,0
2018283,1,0,5,-64.417,96.319,0,989.23,0
2018284,1,0,5,-64.417,96.319,0,1069.56,0
2018285,1,0,5,-64.417,96.319,0,1149.89,0
2018286,1,0,5,-64.417,96.319,0,1233.82,0
2018287,1,0,5,-64.417,96.319,0,1321.33,0
2018288,1,0,5,-64.417,96.319,0,1408.84,0
2018289,1,0,5,-64.417,96.319,0,1496.35,0
2018290,1,0,5,-64.417,96.319,0,1583.86,0
2018291,1,0,5,-64.417,96.319,0,1674.96,0
2018292,1,0,5,-64.417,96.319,0,1769.65,0
2018293,1,0,5,-64.417,96.319,0,1867.93,0
2018294,1,0,5,-64.417,96.319,0,1969.78,0
2018295,1,0,5,-64.417,96.319,0,0,0
2018296,1,0,5,-64.417,96.319,0,0,0
2018297,1,0,5,-64.417,96.319,0,0,0
2018298,1,0,5,-64.417,96.319,0,0,0
2018299,1,0,5,-64.417,96.319,0,0,0
2018300,1,0,5,-64.417,96.319,0,0,0
2018301,1,0,5,-64.417,96.319,0,0,0
2018302,1,0,5,-64.417,96.319,0,0,0
2018303,1,0,5,-64.417,96.319,0,0,0
2018304,1,0,5,-64.417,96.319,0,0,0
2018305,1,0,5,-64.417,96.319,0,0,0
2018306,1,0,5,-64.417,96.319,0,0,0
2018307,1,0,5,-64.417,96.319,0,0,0
2018308,1,0,5,-64.417,96.319,0,0,0
2018309,1,0,5,-64.417,96.319,0,0,0
2018310,1,0,5,-64.417,96.319,0,0,0
2018311,1,0,5,-64.417,96.319,0,0,0
2018312,1,0,5,-64.417,96.319,0,0,0
2018313,1,0,5,-64.417,96.319,0,0,0
2018314,1,0,5,-64.417,96.319,0,0,0
2018315,1,0,5,-64.417,96.319,0,0,0
2018316,1,0,5,-64.417,96.319,0,0,0
2018317,1,0,5,-64.417,96.319,0,0,0
2018318,1,0,5,-64.417,96.319,0,0,0
2018319,1,0,5,-64.417,96.319,0,0,0
2018320,1,0,5,-64.417,96.319,0,0,0
2018321,1,0,5,-64.417,96.319,0,0,0
2018322,1,0,5,-64.417,96.319,0,0,0
2018323,1,0,5,-64.417,96.319,0,0,0
2018324,1,0,5,-64.417,96.319,0,0,0
2018325,1,0,5,-64.417,96.319,0,0,0
2018326,1,0,5,-64.417,96.319,0,0,0
2018327,1,0,5,-64.417,96.319,0,0,0
2018328,1,0,5,-64.417,96.319,0,0,0
2018329,1,0,5,-64.417,96.319,0,0,0
2018330,1,0,5,-64.417,96.319,0,0,0
2018331,1,0,5,-64.417,96.319,0,0,0
2018332,1,0,5,-64.417,96.319,0,0,0
2018333,1,0,5,-64.417,96.319,0,0,0
2018334,1,0,5,-64.417,96.319,0,0,0
2018335,1,0,5,-64.417,96.319,0,0,0
2018336,1,0,5,-64.417,96.319,0,0,0
2018337,1,0,5,-64.417,96.319,0,0,0
2018338,1,0,5,-64.417,96.319,0,0,0
2018339,1,0,5,-64.417,96.319,0,0,0
2018340,1,0,5,-64.417,96.319,0,0,0
2018341,1,0,5,-64.417,96.319,0,0,0
2018342,1,0,5,-64.417,96.319,0,0,0
2018343,1,0,5,-64.417,96.319,0,0,0
2018344,1,0,5,-64.417,96.319,0,0,0
2018345,1,0,5,-64.417,96.319,0,0,0
2018346,1,0,5,-64.417,96.319,0,0,0
2018347,1,0,5,-64.417,96.319,0,0,0
2018348,1,15.537,6,-64.55,96.418,0,0,0
2018349,1,15.537,5,-64.417,96.319,0,0,0
2018350,1,0,5,-64.417,96.319,0,0,0
2018351,1,0,5,-64.417,96.319,0,0,0
2018352,1,0,5,-64.417,96.319,0,0,0
2018353,1,0,5,-64.417,96.319,0,2075.22,0
2018354,1,0,5,-64.417,96.319,0,2184.25,0
2018355,1,0,5,-64.417,96.319,0,2293.27,0
2018356,1,0,5,-64.417,96.319,0,2402.3,0
2018357,1,0,5,-64.417,96.319,0,2504.15,0
2018358,1,0,5,-64.417,96.319,0,2606.01,0
2018359,1,0,5,-64.417,96.319,0,2715.03,0
2018360,1,0,5,-64.417,96.319,0,2824.06,0
2018361,1,0,5,-64.417,96.319,0,2933.08,0
2018362,1,0,5,-64.417,96.319,0,3042.11,0
2018363,1,0,5,-64.417,96.319,0,3151.13,0
2018364,1,0,5,-64.417,96.319,0,3260.15,0
2018365,1,0,5,-64.417,96.319,0,3369.18,0
2019001,1,0,5,-64.417,96.319,0,3397.87,0
2019002,1,0,5,-64.417,96.319,0,3426.56,0
2019003,1,0,5,-64.417,96.319,0,3455.25,0
2019004,1,31.068,3,-64.683,96.517,1,3480.36,0
2019005,1,0,3,-64.683,96.517,1,3501.87,0
2019006,1,0,3,-64.683,96.517,1,3523.38,0
2019007,1,0,3,-64.683,96.517,1,3544.89,0
2019008,1,0,3,-64.683,96.517,1,3566.41,0
2019009,1,0,3,-64.683,96.517,1,3584.33,0
2019010,1,0,3,-64.683,96.517,1,3584.33,-0.0171
2019011,1,0,3,-64.683,96.517,1,3580.75,0.0156
2019012,1,0,3,-64.683,96.517,1,3539.95,0.011
2019013,1,0,3,-64.683,96.517,1,3459.72,0.0525
2019014,1,0,3,-64.683,96.517,1,3380.86,0.0861
2019015,1,0,3,-64.683,96.517,1,3303.98,0.0703
2019016,1,0,3,-64.683,96.517,1,3215.22,0.006
2019017,1,0,3,-64.683,96.517,1,3133.62,-0.0305
2019018,1,0,3,-64.683,96.517,1,3052.03,-0.043
2019019,1,0,3,-64.683,96.517,1,2963.27,-0.0126
2019020,1,0,3,-64.683,96.517,1,2874.51,-0.015
2019021,1,0,3,-64.683,96.517,1,2785.75,0.0387
2019022,1,0,3,-64.683,96.517,1,2696.99,0.0652
2019023,1,0,3,-64.683,96.517,1,2608.23,0.0413
2019024,1,0,3,-64.683,96.517,1,2519.48,-0.0068
2019025,1,0,3,-64.683,96.517,1,2430.72,-0.0111
2019026,1,0,3,-64.683,96.517,1,2341.96,0
2019027,1,0,3,-64.683,96.517,1,2253.2,0
2019028,1,0,3,-64.683,96.517,1,2164.44,0
2019029,1,0,3,-64.683,96.517,1,2085.58,0
2019030,1,0,3,-64.683,96.517,1,2010.67,-0.0036
2019031,1,0,3,-64.683,96.517,1,1937.75,0.0237
2019032,1,0,3,-64.683,96.517,1,1864.82,-0.0074
2019033,1,0,3,-64.683,96.517,1,1791.9,-0.0301
2019034,1,0,3,-64.683,96.517,1,1718.97,-0.0583
2019035,1,0,3,-64.683,96.517,1,1660.84,-0.0395
2019036,1,0,3,-64.683,96.517,1,1602.71,-0.0232
2019037,1,0,3,-64.683,96.517,1,1578.21,-0.0044
2019038,1,0,3,-64.683,96.517,1,1589.55,0.017
2019039,1,0,3,-64.683,96.517,1,1595.97,0.0524
2019040,1,0,3,-64.683,96.517,1,1600.42,0.0216
2019041,1,0,3,-64.683,96.517,1,1616.74,0.0063
2019042,1,0,3,-64.683,96.517,1,1633.08,-0.0149
2019043,1,0,3,-64.683,96.517,1,1649.4,0.0016
2019044,1,0,3,-64.683,96.517,1,1665.74,0
2019045,1,0.92,7,-64.686,96.535,1,1682.14,0
2019046,1,0.92,3,-64.683,96.517,1,1698.48,0
2019047,1,0,3,-64.683,96.517,1,1714.83,0
2019048,1,0,3,-64.683,96.517,1,1731.17,0
2019049,1,0,3,-64.683,96.517,1,1747.52,0
2019050,1,0,3,-64.683,96.517,1,1763.86,0
2019051,1,0,3,-64.683,96.517,1,1780.21,0
2019052,1,0,3,-64.683,96.517,1,1796.55,0
2019053,1,0,3,-64.683,96.517,1,1812.9,0.0017
2019054,1,0,3,-64.683,96.517,1,1819.34,-0.0052
2019055,1,0,3,-64.683,96.517,1,1821.81,-0.0004
2019056,1,0,3,-64.683,96.517,1,1822.29,0.01
2019057,1,0,3,-64.683,96.517,1,1822.8,0.0377
2019058,1,0,3,-64.683,96.517,1,1823.31,-0.0837
2019059,1,0,3,-64.683,96.517,1,1823.79,-0.0114
2019060,1,0,3,-64.683,96.517,1,1823.82,0.0242
2019061,1,0,3,-64.683,96.517,1,1823.82,-0.1493
2019062,1,0,3,-64.683,96.517,1,1823.82,-0.0827
2019063,1,0,3,-64.683,96.517,1,1823.82,-0.0069
2019064,1,0,3,-64.683,96.517,1,1823.79,0.0614
2019065,1,0,3,-64.683,96.517,1,1823.77,0.105
2019066,1,0,3,-64.683,96.517,1,1823.72,0.0339
2019067,1,0,3,-64.683,96.517,1,1823.62,0.1441
2019068,1,0,3,-64.683,96.517,1,1823.51,0.1049
2019069,1,0,3,-64.683,96.517,1,1823.36,-0.0796
2019070,1,0,3,-64.683,96.517,1,1823.16,0
2019071,1,0,3,-64.683,96.517,1,1823.01,0
2019072,1,0,3,-64.683,96.517,1,1820.36,0
2019073,1,0,3,-64.683,96.517,1,1815.21,0
2019074,1,0,3,-64.683,96.517,1,1810.07,0
2019075,1,0,3,-64.683,96.517,1,1804.92,0
2019076,1,0,3,-64.683,96.517,1,1799.77,0
2019077,1,0,3,-64.683,96.517,1,1794.63,0
2019078,1,0,3,-64.683,96.517,1,1789.48,0
2019079,1,0,3,-64.683,96.517,1,1784.33,0
2019080,1,0,3,-64.683,96.517,1,1779.21,0
2019081,1,0,3,-64.683,96.517,1,1774.09,0
2019082,1,0,3,-64.683,96.517,1,1768.95,0
2019083,1,0,3,-64.683,96.517,1,1763.8,0
2019084,1,0,3,-64.683,96.517,1,1758.68,0
2019085,1,0,3,-64.683,96.517,1,1753.56,0
2019086,1,0,3,-64.683,96.517,1,1748.46,0
2019087,1,0,3,-64.683,96.517,1,1743.37,0
2019088,1,0,3,-64.683,96.517,1,1738.27,0
2019089,1,0,3,-64.683,96.517,1,1733.17,0
2019090,1,0,3,-64.683,96.517,1,1728.08,0
2019091,1,0,3,-64.683,96.517,1,1723.01,0
2019092,1,0,3,-64.683,96.517,1,1717.96,0
2019093,1,0,3,-64.683,96.517,1,1712.94,0
2019094,1,0,3,-64.683,96.517,1,1707.95,0
2019095,1,0,3,-64.683,96.517,1,1702.95,0
2019096,1,0,3,-64.683,96.517,1,1697.96,0
2019097,1,0,3,-64.683,96.517,1,1695.46,0
2019098,1,0,3,-64.683,96.517,1,1695.46,0
2019099,1,0,3,-64.683,96.517,1,1695.46,0
2019100,1,0,3,-64.683,96.517,1,1695.46,0
2019101,1,0,3,-64.683,96.517,1,1695.46,0
2019102,1,0,3,-64.683,96.517,1,1681.71,0
2019103,1,0,3,-64.683,96.517,1,1667.96,0
2019104,1,0,3,-64.683,96.517,1,1654.21,0
2019105,1,0,3,-64.683,96.517,1,1640.47,0
2019106,1,0,3,-64.683,96.517,1,1626.72,0
2019107,1,0,3,-64.683,96.517,1,1612.97,0
2019108,1,0,3,-64.683,96.517,1,1599.22,0
2019109,1,0,3,-64.683,96.517,1,1585.47,0
2019110,1,0,3,-64.683,96.517,1,1571.72,0
2019111,1,0,3,-64.683,96.517,1,1557.98,0
2019112,1,0,3,-64.683,96.517,1,1544.23,0
2019113,1,0,3,-64.683,96.517,1,1530.48,0
2019114,1,0,3,-64.683,96.517,1,0,0
2019115,1,0,3,-64.683,96.517,1,0,0
2019116,1,0,3,-64.683,96.517,1,0,0
2019117,1,0,3,-64.683,96.517,1,0,0
2019118,1,0,3,-64.683,96.517,1,0,0
2019119,1,0,3,-64.683,96.517,1,1516.73,0
2019120,1,0,3,-64.683,96.517,1,1502.98,0
2019121,1,0,3,-64.683,96.517,1,1489.23,0
2019122,1,0,3,-64.683,96.517,1,1475.49,0
2019123,1,0,3,-64.683,96.517,1,1461.74,0
2019124,1,0,3,-64.683,96.517,1,1447.99,0
2019125,1,0.92,7,-64.686,96.535,1,1434.24,0
2019126,1,0,7,-64.686,96.535,1,1420.49,0
2019127,1,0,7,-64.686,96.535,1,1406.74,0
2019128,1,0,7,-64.686,96.535,1,1393,0
2019129,1,0,7,-64.686,96.535,1,1379.25,0
2019130,1,0,7,-64.686,96.535,1,1365.5,0
2019131,1,0,7,-64.686,96.535,1,1351.75,0
2019132,1,0,7,-64.686,96.535,1,1351.75,0
2019133,1,0,7,-64.686,96.535,1,1351.75,0
2019134,1,0,7,-64.686,96.535,1,1351.75,0
2019135,1,0,7,-64.686,96.535,1,1351.75,0
2019136,1,0,7,-64.686,96.535,1,1351.75,0
2019137,1,0,6,-64.686,96.535,1,1351.75,0
2019138,1,0,7,-64.686,96.535,1,1351.75,0
2019139,1,0,7,-64.686,96.535,1,1351.75,0
2019140,1,0,7,-64.686,96.535,1,1351.75,0
2019141,1,0,7,-64.686,96.535,1,1351.75,0
2019142,1,0,7,-64.686,96.535,1,1351.75,0
2019143,1,0,7,-64.686,96.535,1,1351.75,0
2019144,1,0,6,-64.686,96.535,1,1351.75,0
2019145,1,0,7,-64.686,96.535,1,1351.75,0
2019146,1,0,7,-64.686,96.535,1,1351.75,0
2019147,1,0,7,-64.686,96.535,1,1351.75,0
2019148,1,0,7,-64.686,96.535,1,1351.75,0
2019149,1,0,7,-64.686,96.535,1,1351.75,0
2019150,1,0,7,-64.686,96.535,1,1351.75,0
2019151,1,0,6,-64.686,96.535,0,0,0
2019152,1,0,7,-64.686,96.535,0,0,0
2019153,1,0,7,-64.686,96.535,0,0,0
2019154,1,0,7,-64.686,96.535,0,0,0
2019155,1,0,7,-64.686,96.535,0,0,0
2019156,1,0,7,-64.686,96.535,0,0,0
2019157,1,0,7,-64.686,96.535,0,0,0
2019158,1,0.92,3,-64.683,96.517,0,0,0
